{"topic 0": [[0, 0.4609758905500775], [12, 0.29496787131927804], [6, 0.24405623813064434]], "topic 1": [[1, 0.47292740240577014], [6, 0.28099658540479594], [12, 0.246076012189434]], "topic 2": [[2, 0.4663936694600148], [5, 0.4372480451787944], [0, 0.09635828536119079]], "topic 3": [[3, 0.7270777760681434], [0, 0.21162647869731954], [12, 0.06129574523453709]], "topic 4": [[4, 0.579139142500152], [12, 0.21645103937090626], [8, 0.20440981812894182]], "topic 5": [[5, 0.5848865336852741], [2, 0.3228535166060857], [0, 0.0922599497086402]], "topic 6": [[6, 0.5558765352098006], [12, 0.3606244005407705], [0, 0.08349906424942895]], "topic 7": [[7, 0.4335196012674858], [11, 0.32204618142440466], [6, 0.24443421730810963]], "topic 8": [[4, 0.3558787063985938], [6, 0.34217573857428707], [12, 0.3019455550271192]], "topic 9": [[9, 0.36253518260852624], [4, 0.3353489009452273], [0, 0.30211591644624647]], "topic 10": [[11, 0.38968080387376736], [0, 0.3663450408455735], [12, 0.24397415528065905]], "topic 11": [[11, 0.47928319868586483], [6, 0.2652086083609887], [12, 0.2555081929531464]], "topic 12": [[6, 0.4603519351445386], [12, 0.41181828201439236], [0, 0.12782978284106908]]}