{"topic 0": [[11, 0.3508862458399945], [0, 0.3349342817825034], [12, 0.31417947237750216]], "topic 1": [[11, 0.3661099494075032], [6, 0.3262206395116979], [9, 0.3076694110807989]], "topic 2": [[2, 0.47296581810688404], [3, 0.43441374134318905], [12, 0.0926204405499269]], "topic 3": [[3, 0.5990480323463332], [2, 0.31112378917147054], [12, 0.08982817848219647]], "topic 4": [[4, 0.7506453741987662], [12, 0.2065252123292477], [9, 0.04282941347198613]], "topic 5": [[5, 0.45045926642510886], [9, 0.29805370536082587], [6, 0.25148702821406516]], "topic 6": [[6, 0.5749884575365887], [9, 0.3363281861529279], [12, 0.08868335631048326]], "topic 7": [[7, 0.5625918009603323], [5, 0.23269590581750155], [9, 0.204712293222166]], "topic 8": [[12, 0.35974272019817694], [9, 0.32459021027498614], [5, 0.315667069526837]], "topic 9": [[6, 0.4786499182745697], [9, 0.37085923927118003], [12, 0.15049084245425035]], "topic 10": [[6, 0.4686092286417458], [9, 0.366912462890371], [12, 0.16447830846788314]], "topic 11": [[11, 0.6057644883977624], [9, 0.20503197410671495], [1, 0.18920353749552266]], "topic 12": [[12, 0.46155035775108877], [9, 0.2889706268125842], [6, 0.24947901543632708]]}