,n_topics,npmi_average
0,10,0.08576091700297697
1,11,0.08519922745940431
2,12,0.08825174872213053
3,13,0.07896842249148786
4,14,0.08065923137902078
5,15,0.08184127724861424
6,16,0.07571815332982265
7,17,0.07600652406345058
8,18,0.06557639124199768
9,19,0.08074071638071384
10,20,0.08793610556493703
11,21,0.07176588494120713
